<?xml version="1.0" encoding="utf-8"?>
<extension type="component" version="3.1.1" method="upgrade">
<name>FlexiContact</name>
<creationDate>21 May 2016</creationDate>
<author>Les Arbres Design</author>
<copyright>Les Arbres Design 2009-2016</copyright>
<license>GNU/GPL</license>
<authorUrl>extensions.lesarbresdesign.info</authorUrl>
<version>9.02</version>
<description>The flexible contact page that's easy to setup</description>

<scriptfile>install.php</scriptfile>

<files folder="site">
	<filename>flexicontact.php</filename>
	<filename>controller.php</filename>
	<filename>index.html</filename>
	<folder>assets/</folder>
	<folder>images/</folder>
	<folder>models/</folder>
	<folder>views/</folder>
	<folder>language</folder>
</files>
  
<administration>
	<menu img="../administrator/components/com_flexicontact/assets/flexicontact-16.png">FLEXICONTACT</menu>
	<submenu>
		<menu img="../administrator/components/com_flexicontact/assets/m_config.gif" task="config">COM_FLEXICONTACT_CONFIGURATION</menu>
		<menu img="../administrator/components/com_flexicontact/assets/m_images.gif" task="config_images">COM_FLEXICONTACT_CAPTCHA_IMAGES</menu>
		<menu img="../administrator/components/com_flexicontact/assets/m_log.gif" task="log_list">COM_FLEXICONTACT_LOG</menu>
		<menu img="../administrator/components/com_flexicontact/assets/info-16.png" task="about">COM_FLEXICONTACT_ABOUT</menu>
	</submenu>

	<files folder="admin">
		<filename>flexicontact.php</filename>
		<filename>config.xml</filename>
		<filename>controller.php</filename>
		<filename>index.html</filename>
		<folder>assets</folder>
		<folder>helpers</folder>
		<folder>forms</folder>
		<folder>models</folder>
		<folder>views</folder>
    	<folder>language</folder>
 	</files>
</administration>

</extension>
